country,iso,year,sex,age,value
Japan,JPN,1990,male,15-19,18.3
Japan,JPN,1990,male,20-24,71.7
Japan,JPN,1990,male,25-29,96.1
Japan,JPN,1990,male,30-34,97.5
Japan,JPN,1990,male,35-39,97.8
Japan,JPN,1990,male,40-44,97.6
Japan,JPN,1990,male,45-49,97.3
Japan,JPN,1990,male,50-54,96.3
Japan,JPN,1990,male,55-59,92.1
Japan,JPN,1990,male,60-64,72.9
Japan,JPN,1990,female,15-19,17.8
Japan,JPN,1990,female,20-24,75.1
Japan,JPN,1990,female,25-29,61.4
Japan,JPN,1990,female,30-34,51.7
Japan,JPN,1990,female,35-39,62.6
Japan,JPN,1990,female,40-44,69.6
Japan,JPN,1990,female,45-49,71.7
Japan,JPN,1990,female,50-54,65.5
Japan,JPN,1990,female,55-59,53.9
Japan,JPN,1990,female,60-64,39.5
Japan,JPN,1991,male,15-19,19.1
Japan,JPN,1991,male,20-24,72.8
Japan,JPN,1991,male,25-29,96.1
Japan,JPN,1991,male,30-34,97.4
Japan,JPN,1991,male,35-39,97.9
Japan,JPN,1991,male,40-44,97.9
Japan,JPN,1991,male,45-49,97.4
Japan,JPN,1991,male,50-54,96.3
Japan,JPN,1991,male,55-59,93.2
Japan,JPN,1991,male,60-64,74.2
Japan,JPN,1991,female,15-19,17.8
Japan,JPN,1991,female,20-24,75.6
Japan,JPN,1991,female,25-29,63.2
Japan,JPN,1991,female,30-34,52.9
Japan,JPN,1991,female,35-39,62.1
Japan,JPN,1991,female,40-44,70.4
Japan,JPN,1991,female,45-49,72.1
Japan,JPN,1991,female,50-54,66.5
Japan,JPN,1991,female,55-59,55.5
Japan,JPN,1991,female,60-64,40.7
Japan,JPN,1992,male,15-19,19.4
Japan,JPN,1992,male,20-24,74.5
Japan,JPN,1992,male,25-29,96.4
Japan,JPN,1992,male,30-34,98.0
Japan,JPN,1992,male,35-39,98.1
Japan,JPN,1992,male,40-44,98.2
Japan,JPN,1992,male,45-49,98.0
Japan,JPN,1992,male,50-54,97.1
Japan,JPN,1992,male,55-59,93.6
Japan,JPN,1992,male,60-64,75.0
Japan,JPN,1992,female,15-19,17.6
Japan,JPN,1992,female,20-24,75.6
Japan,JPN,1992,female,25-29,64.0
Japan,JPN,1992,female,30-34,52.7
Japan,JPN,1992,female,35-39,62.4
Japan,JPN,1992,female,40-44,70.5
Japan,JPN,1992,female,45-49,72.0
Japan,JPN,1992,female,50-54,67.6
Japan,JPN,1992,female,55-59,55.6
Japan,JPN,1992,female,60-64,40.7
Japan,JPN,1993,male,15-19,19.0
Japan,JPN,1993,male,20-24,75.2
Japan,JPN,1993,male,25-29,96.5
Japan,JPN,1993,male,30-34,98.0
Japan,JPN,1993,male,35-39,98.3
Japan,JPN,1993,male,40-44,98.3
Japan,JPN,1993,male,45-49,97.9
Japan,JPN,1993,male,50-54,97.2
Japan,JPN,1993,male,55-59,94.1
Japan,JPN,1993,male,60-64,75.6
Japan,JPN,1993,female,15-19,17.4
Japan,JPN,1993,female,20-24,74.5
Japan,JPN,1993,female,25-29,64.3
Japan,JPN,1993,female,30-34,52.7
Japan,JPN,1993,female,35-39,61.7
Japan,JPN,1993,female,40-44,70.3
Japan,JPN,1993,female,45-49,71.9
Japan,JPN,1993,female,50-54,66.9
Japan,JPN,1993,female,55-59,56.4
Japan,JPN,1993,female,60-64,40.1
Japan,JPN,1994,male,15-19,18.3
Japan,JPN,1994,male,20-24,74.9
Japan,JPN,1994,male,25-29,96.3
Japan,JPN,1994,male,30-34,97.7
Japan,JPN,1994,male,35-39,98.2
Japan,JPN,1994,male,40-44,97.7
Japan,JPN,1994,male,45-49,97.8
Japan,JPN,1994,male,50-54,97.1
Japan,JPN,1994,male,55-59,94.0
Japan,JPN,1994,male,60-64,75.0
Japan,JPN,1994,female,15-19,17.0
Japan,JPN,1994,female,20-24,74.2
Japan,JPN,1994,female,25-29,65.3
Japan,JPN,1994,female,30-34,53.5
Japan,JPN,1994,female,35-39,61.6
Japan,JPN,1994,female,40-44,69.8
Japan,JPN,1994,female,45-49,71.2
Japan,JPN,1994,female,50-54,67.4
Japan,JPN,1994,female,55-59,56.4
Japan,JPN,1994,female,60-64,39.4
Japan,JPN,1995,male,15-19,17.9
Japan,JPN,1995,male,20-24,74.0
Japan,JPN,1995,male,25-29,96.4
Japan,JPN,1995,male,30-34,97.8
Japan,JPN,1995,male,35-39,98.0
Japan,JPN,1995,male,40-44,97.8
Japan,JPN,1995,male,45-49,97.7
Japan,JPN,1995,male,50-54,97.3
Japan,JPN,1995,male,55-59,94.1
Japan,JPN,1995,male,60-64,74.9
Japan,JPN,1995,female,15-19,16.0
Japan,JPN,1995,female,20-24,74.1
Japan,JPN,1995,female,25-29,66.4
Japan,JPN,1995,female,30-34,53.7
Japan,JPN,1995,female,35-39,60.5
Japan,JPN,1995,female,40-44,69.5
Japan,JPN,1995,female,45-49,71.3
Japan,JPN,1995,female,50-54,67.1
Japan,JPN,1995,female,55-59,57.0
Japan,JPN,1995,female,60-64,39.7
Japan,JPN,1996,male,15-19,18.4
Japan,JPN,1996,male,20-24,74.6
Japan,JPN,1996,male,25-29,97.0
Japan,JPN,1996,male,30-34,98.0
Japan,JPN,1996,male,35-39,97.9
Japan,JPN,1996,male,40-44,98.2
Japan,JPN,1996,male,45-49,97.7
Japan,JPN,1996,male,50-54,97.4
Japan,JPN,1996,male,55-59,94.6
Japan,JPN,1996,male,60-64,74.5
Japan,JPN,1996,female,15-19,16.3
Japan,JPN,1996,female,20-24,73.8
Japan,JPN,1996,female,25-29,67.9
Japan,JPN,1996,female,30-34,54.8
Japan,JPN,1996,female,35-39,60.8
Japan,JPN,1996,female,40-44,69.5
Japan,JPN,1996,female,45-49,71.6
Japan,JPN,1996,female,50-54,66.9
Japan,JPN,1996,female,55-59,58.1
Japan,JPN,1996,female,60-64,39.0
Japan,JPN,1997,male,15-19,18.9
Japan,JPN,1997,male,20-24,75.0
Japan,JPN,1997,male,25-29,96.5
Japan,JPN,1997,male,30-34,97.8
Japan,JPN,1997,male,35-39,98.0
Japan,JPN,1997,male,40-44,98.1
Japan,JPN,1997,male,45-49,97.8
Japan,JPN,1997,male,50-54,97.5
Japan,JPN,1997,male,55-59,94.8
Japan,JPN,1997,male,60-64,74.5
Japan,JPN,1997,female,15-19,16.8
Japan,JPN,1997,female,20-24,73.4
Japan,JPN,1997,female,25-29,68.2
Japan,JPN,1997,female,30-34,56.2
Japan,JPN,1997,female,35-39,62.3
Japan,JPN,1997,female,40-44,70.9
Japan,JPN,1997,female,45-49,72.2
Japan,JPN,1997,female,50-54,67.9
Japan,JPN,1997,female,55-59,58.7
Japan,JPN,1997,female,60-64,39.8
Japan,JPN,1998,male,15-19,18.7
Japan,JPN,1998,male,20-24,74.2
Japan,JPN,1998,male,25-29,96.1
Japan,JPN,1998,male,30-34,97.7
Japan,JPN,1998,male,35-39,98.0
Japan,JPN,1998,male,40-44,97.8
Japan,JPN,1998,male,45-49,97.7
Japan,JPN,1998,male,50-54,97.0
Japan,JPN,1998,male,55-59,94.5
Japan,JPN,1998,male,60-64,74.8
Japan,JPN,1998,female,15-19,17.3
Japan,JPN,1998,female,20-24,73.4
Japan,JPN,1998,female,25-29,69.2
Japan,JPN,1998,female,30-34,55.8
Japan,JPN,1998,female,35-39,62.2
Japan,JPN,1998,female,40-44,70.2
Japan,JPN,1998,female,45-49,72.4
Japan,JPN,1998,female,50-54,67.8
Japan,JPN,1998,female,55-59,59.1
Japan,JPN,1998,female,60-64,40.1
Japan,JPN,1999,male,15-19,18.5
Japan,JPN,1999,male,20-24,72.8
Japan,JPN,1999,male,25-29,95.6
Japan,JPN,1999,male,30-34,97.5
Japan,JPN,1999,male,35-39,97.7
Japan,JPN,1999,male,40-44,97.7
Japan,JPN,1999,male,45-49,97.5
Japan,JPN,1999,male,50-54,97.1
Japan,JPN,1999,male,55-59,94.7
Japan,JPN,1999,male,60-64,74.1
Japan,JPN,1999,female,15-19,16.8
Japan,JPN,1999,female,20-24,72.4
Japan,JPN,1999,female,25-29,69.7
Japan,JPN,1999,female,30-34,56.7
Japan,JPN,1999,female,35-39,61.5
Japan,JPN,1999,female,40-44,69.5
Japan,JPN,1999,female,45-49,71.8
Japan,JPN,1999,female,50-54,67.9
Japan,JPN,1999,female,55-59,58.7
Japan,JPN,1999,female,60-64,39.7
Japan,JPN,2000,male,15-19,18.081
Japan,JPN,2000,male,20-24,72.595
Japan,JPN,2000,male,25-29,95.929
Japan,JPN,2000,male,30-34,97.718
Japan,JPN,2000,male,35-39,98.09
Japan,JPN,2000,male,40-44,97.996
Japan,JPN,2000,male,45-49,97.523
Japan,JPN,2000,male,50-54,96.886
Japan,JPN,2000,male,55-59,94.059
Japan,JPN,2000,male,60-64,72.458
Japan,JPN,2000,female,15-19,16.83
Japan,JPN,2000,female,20-24,72.954
Japan,JPN,2000,female,25-29,70.059
Japan,JPN,2000,female,30-34,56.895
Japan,JPN,2000,female,35-39,61.267
Japan,JPN,2000,female,40-44,69.319
Japan,JPN,2000,female,45-49,71.839
Japan,JPN,2000,female,50-54,68.131
Japan,JPN,2000,female,55-59,58.696
Japan,JPN,2000,female,60-64,39.126
Japan,JPN,2001,male,15-19,17.668
Japan,JPN,2001,male,20-24,71.374
Japan,JPN,2001,male,25-29,95.665
Japan,JPN,2001,male,30-34,97.61
Japan,JPN,2001,male,35-39,97.951
Japan,JPN,2001,male,40-44,97.766
Japan,JPN,2001,male,45-49,97.357
Japan,JPN,2001,male,50-54,96.379
Japan,JPN,2001,male,55-59,94.016
Japan,JPN,2001,male,60-64,72.107
Japan,JPN,2001,female,15-19,17.362
Japan,JPN,2001,female,20-24,71.927
Japan,JPN,2001,female,25-29,71.408
Japan,JPN,2001,female,30-34,58.814
Japan,JPN,2001,female,35-39,62.265
Japan,JPN,2001,female,40-44,70.03
Japan,JPN,2001,female,45-49,72.624
Japan,JPN,2001,female,50-54,68.188
Japan,JPN,2001,female,55-59,58.508
Japan,JPN,2001,female,60-64,39.165
Japan,JPN,2002,male,15-19,17.439
Japan,JPN,2002,male,20-24,71.065
Japan,JPN,2002,male,25-29,94.797
Japan,JPN,2002,male,30-34,97.156
Japan,JPN,2002,male,35-39,97.294
Japan,JPN,2002,male,40-44,97.612
Japan,JPN,2002,male,45-49,97.305
Japan,JPN,2002,male,50-54,96.355
Japan,JPN,2002,male,55-59,93.849
Japan,JPN,2002,male,60-64,71.159
Japan,JPN,2002,female,15-19,16.698
Japan,JPN,2002,female,20-24,70.363
Japan,JPN,2002,female,25-29,71.765
Japan,JPN,2002,female,30-34,60.524
Japan,JPN,2002,female,35-39,61.709
Japan,JPN,2002,female,40-44,70.286
Japan,JPN,2002,female,45-49,72.283
Japan,JPN,2002,female,50-54,67.681
Japan,JPN,2002,female,55-59,57.899
Japan,JPN,2002,female,60-64,39.522
Japan,JPN,2003,male,15-19,16.541
Japan,JPN,2003,male,20-24,70.59
Japan,JPN,2003,male,25-29,94.564
Japan,JPN,2003,male,30-34,96.897
Japan,JPN,2003,male,35-39,97.327
Japan,JPN,2003,male,40-44,97.588
Japan,JPN,2003,male,45-49,97.286
Japan,JPN,2003,male,50-54,96.228
Japan,JPN,2003,male,55-59,93.707
Japan,JPN,2003,male,60-64,71.116
Japan,JPN,2003,female,15-19,16.564
Japan,JPN,2003,female,20-24,69.058
Japan,JPN,2003,female,25-29,73.384
Japan,JPN,2003,female,30-34,60.092
Japan,JPN,2003,female,35-39,62.69
Japan,JPN,2003,female,40-44,70.217
Japan,JPN,2003,female,45-49,72.526
Japan,JPN,2003,female,50-54,68.19
Japan,JPN,2003,female,55-59,58.616
Japan,JPN,2003,female,60-64,39.191
Japan,JPN,2004,male,15-19,15.932
Japan,JPN,2004,male,20-24,68.16
Japan,JPN,2004,male,25-29,94.306
Japan,JPN,2004,male,30-34,96.785
Japan,JPN,2004,male,35-39,97.083
Japan,JPN,2004,male,40-44,97.444
Japan,JPN,2004,male,45-49,97.051
Japan,JPN,2004,male,50-54,95.96
Japan,JPN,2004,male,55-59,93.518
Japan,JPN,2004,male,60-64,70.386
Japan,JPN,2004,female,15-19,16.42
Japan,JPN,2004,female,20-24,68.827
Japan,JPN,2004,female,25-29,74.445
Japan,JPN,2004,female,30-34,61.598
Japan,JPN,2004,female,35-39,62.636
Japan,JPN,2004,female,40-44,70.098
Japan,JPN,2004,female,45-49,72.985
Japan,JPN,2004,female,50-54,68.459
Japan,JPN,2004,female,55-59,59.491
Japan,JPN,2004,female,60-64,39.693
Japan,JPN,2005,male,15-19,16.275
Japan,JPN,2005,male,20-24,68.356
Japan,JPN,2005,male,25-29,93.718
Japan,JPN,2005,male,30-34,96.538
Japan,JPN,2005,male,35-39,97.212
Japan,JPN,2005,male,40-44,97.147
Japan,JPN,2005,male,45-49,97.107
Japan,JPN,2005,male,50-54,95.697
Japan,JPN,2005,male,55-59,93.876
Japan,JPN,2005,male,60-64,70.429
Japan,JPN,2005,female,15-19,16.367
Japan,JPN,2005,female,20-24,69.899
Japan,JPN,2005,female,25-29,75.202
Japan,JPN,2005,female,30-34,62.825
Japan,JPN,2005,female,35-39,62.896
Japan,JPN,2005,female,40-44,71.259
Japan,JPN,2005,female,45-49,73.767
Japan,JPN,2005,female,50-54,69.028
Japan,JPN,2005,female,55-59,60.007
Japan,JPN,2005,female,60-64,39.74
Japan,JPN,2006,male,15-19,16.149
Japan,JPN,2006,male,20-24,68.833
Japan,JPN,2006,male,25-29,94.326
Japan,JPN,2006,male,30-34,96.87
Japan,JPN,2006,male,35-39,97.008
Japan,JPN,2006,male,40-44,97.369
Japan,JPN,2006,male,45-49,97.015
Japan,JPN,2006,male,50-54,95.87
Japan,JPN,2006,male,55-59,93.46
Japan,JPN,2006,male,60-64,70.89
Japan,JPN,2006,female,15-19,16.377
Japan,JPN,2006,female,20-24,70.339
Japan,JPN,2006,female,25-29,75.872
Japan,JPN,2006,female,30-34,62.67
Japan,JPN,2006,female,35-39,63.343
Japan,JPN,2006,female,40-44,71.552
Japan,JPN,2006,female,45-49,73.918
Japan,JPN,2006,female,50-54,70.486
Japan,JPN,2006,female,55-59,60.242
Japan,JPN,2006,female,60-64,40.281
Japan,JPN,2007,male,15-19,15.846
Japan,JPN,2007,male,20-24,69.817
Japan,JPN,2007,male,25-29,94.298
Japan,JPN,2007,male,30-34,96.997
Japan,JPN,2007,male,35-39,97.041
Japan,JPN,2007,male,40-44,97.344
Japan,JPN,2007,male,45-49,97.148
Japan,JPN,2007,male,50-54,95.842
Japan,JPN,2007,male,55-59,93.154
Japan,JPN,2007,male,60-64,74.351
Japan,JPN,2007,female,15-19,16.249
Japan,JPN,2007,female,20-24,69.599
Japan,JPN,2007,female,25-29,75.948
Japan,JPN,2007,female,30-34,63.943
Japan,JPN,2007,female,35-39,64.533
Japan,JPN,2007,female,40-44,72.123
Japan,JPN,2007,female,45-49,75.715
Japan,JPN,2007,female,50-54,71.093
Japan,JPN,2007,female,55-59,60.566
Japan,JPN,2007,female,60-64,41.97
Japan,JPN,2008,male,15-19,15.866
Japan,JPN,2008,male,20-24,68.637
Japan,JPN,2008,male,25-29,94.282
Japan,JPN,2008,male,30-34,96.631
Japan,JPN,2008,male,35-39,96.84
Japan,JPN,2008,male,40-44,97.13
Japan,JPN,2008,male,45-49,96.985
Japan,JPN,2008,male,50-54,95.902
Japan,JPN,2008,male,55-59,92.64
Japan,JPN,2008,male,60-64,76.429
Japan,JPN,2008,female,15-19,16.292
Japan,JPN,2008,female,20-24,69.728
Japan,JPN,2008,female,25-29,76.288
Japan,JPN,2008,female,30-34,65.416
Japan,JPN,2008,female,35-39,64.932
Japan,JPN,2008,female,40-44,71.249
Japan,JPN,2008,female,45-49,75.444
Japan,JPN,2008,female,50-54,71.694
Japan,JPN,2008,female,55-59,61.548
Japan,JPN,2008,female,60-64,43.746
Japan,JPN,2009,male,15-19,14.307
Japan,JPN,2009,male,20-24,66.811
Japan,JPN,2009,male,25-29,94.13
Japan,JPN,2009,male,30-34,96.444
Japan,JPN,2009,male,35-39,96.914
Japan,JPN,2009,male,40-44,96.963
Japan,JPN,2009,male,45-49,96.761
Japan,JPN,2009,male,50-54,95.892
Japan,JPN,2009,male,55-59,92.647
Japan,JPN,2009,male,60-64,76.495
Japan,JPN,2009,female,15-19,16.185
Japan,JPN,2009,female,20-24,69.91
Japan,JPN,2009,female,25-29,77.359
Japan,JPN,2009,female,30-34,66.99
Japan,JPN,2009,female,35-39,65.291
Japan,JPN,2009,female,40-44,71.533
Japan,JPN,2009,female,45-49,75.22
Japan,JPN,2009,female,50-54,72.533
Japan,JPN,2009,female,55-59,62.507
Japan,JPN,2009,female,60-64,44.427
Japan,JPN,2010,male,15-19,14.294
Japan,JPN,2010,male,20-24,67.194
Japan,JPN,2010,male,25-29,94.291
Japan,JPN,2010,male,30-34,96.378
Japan,JPN,2010,male,35-39,96.847
Japan,JPN,2010,male,40-44,96.968
Japan,JPN,2010,male,45-49,97.042
Japan,JPN,2010,male,50-54,96.036
Japan,JPN,2010,male,55-59,92.892
Japan,JPN,2010,male,60-64,75.946
Japan,JPN,2010,female,15-19,15.677
Japan,JPN,2010,female,20-24,69.266
Japan,JPN,2010,female,25-29,77.225
Japan,JPN,2010,female,30-34,68.067
Japan,JPN,2010,female,35-39,66.12
Japan,JPN,2010,female,40-44,71.443
Japan,JPN,2010,female,45-49,75.662
Japan,JPN,2010,female,50-54,72.672
Japan,JPN,2010,female,55-59,63.285
Japan,JPN,2010,female,60-64,45.783
Japan,JPN,2011,male,15-19,13.439
Japan,JPN,2011,male,20-24,67.536
Japan,JPN,2011,male,25-29,93.908
Japan,JPN,2011,male,30-34,96.411
Japan,JPN,2011,male,35-39,96.893
Japan,JPN,2011,male,40-44,96.77
Japan,JPN,2011,male,45-49,96.39
Japan,JPN,2011,male,50-54,95.522
Japan,JPN,2011,male,55-59,92.715
Japan,JPN,2011,male,60-64,75.689
Japan,JPN,2011,female,15-19,15.2
Japan,JPN,2011,female,20-24,69.369
Japan,JPN,2011,female,25-29,76.988
Japan,JPN,2011,female,30-34,67.53
Japan,JPN,2011,female,35-39,66.785
Japan,JPN,2011,female,40-44,70.923
Japan,JPN,2011,female,45-49,75.8
Japan,JPN,2011,female,50-54,72.432
Japan,JPN,2011,female,55-59,63.903
Japan,JPN,2011,female,60-64,45.475
Japan,JPN,2012,male,15-19,14.496
Japan,JPN,2012,male,20-24,66.877
Japan,JPN,2012,male,25-29,93.616
Japan,JPN,2012,male,30-34,96.182
Japan,JPN,2012,male,35-39,96.611
Japan,JPN,2012,male,40-44,96.267
Japan,JPN,2012,male,45-49,96.296
Japan,JPN,2012,male,50-54,94.923
Japan,JPN,2012,male,55-59,92.262
Japan,JPN,2012,male,60-64,75.711
Japan,JPN,2012,female,15-19,14.575
Japan,JPN,2012,female,20-24,68.328
Japan,JPN,2012,female,25-29,77.791
Japan,JPN,2012,female,30-34,68.34
Japan,JPN,2012,female,35-39,67.435
Japan,JPN,2012,female,40-44,71.789
Japan,JPN,2012,female,45-49,75.703
Japan,JPN,2012,female,50-54,73.275
Japan,JPN,2012,female,55-59,64.512
Japan,JPN,2012,female,60-64,45.871
Japan,JPN,2013,male,15-19,15.007
Japan,JPN,2013,male,20-24,67.461
Japan,JPN,2013,male,25-29,93.651
Japan,JPN,2013,male,30-34,95.978
Japan,JPN,2013,male,35-39,96.757
Japan,JPN,2013,male,40-44,96.271
Japan,JPN,2013,male,45-49,96.325
Japan,JPN,2013,male,50-54,95.489
Japan,JPN,2013,male,55-59,92.91
Japan,JPN,2013,male,60-64,75.833
Japan,JPN,2013,female,15-19,15.794
Japan,JPN,2013,female,20-24,70.233
Japan,JPN,2013,female,25-29,78.994
Japan,JPN,2013,female,30-34,70.127
Japan,JPN,2013,female,35-39,69.47
Japan,JPN,2013,female,40-44,73.123
Japan,JPN,2013,female,45-49,76.15
Japan,JPN,2013,female,50-54,74.818
Japan,JPN,2013,female,55-59,66.49
Japan,JPN,2013,female,60-64,47.234
Japan,JPN,2014,male,15-19,15.614
Japan,JPN,2014,male,20-24,68.403
Japan,JPN,2014,male,25-29,93.624
Japan,JPN,2014,male,30-34,95.709
Japan,JPN,2014,male,35-39,96.726
Japan,JPN,2014,male,40-44,96.246
Japan,JPN,2014,male,45-49,96.183
Japan,JPN,2014,male,50-54,94.707
Japan,JPN,2014,male,55-59,93.386
Japan,JPN,2014,male,60-64,77.93
Japan,JPN,2014,female,15-19,16.614
Japan,JPN,2014,female,20-24,69.772
Japan,JPN,2014,female,25-29,79.773
Japan,JPN,2014,female,30-34,70.975
Japan,JPN,2014,female,35-39,70.662
Japan,JPN,2014,female,40-44,74.56
Japan,JPN,2014,female,45-49,76.838
Japan,JPN,2014,female,50-54,75.619
Japan,JPN,2014,female,55-59,68.012
Japan,JPN,2014,female,60-64,48.635
Japan,JPN,2015,male,15-19,15.675
Japan,JPN,2015,male,20-24,68.499
Japan,JPN,2015,male,25-29,93.244
Japan,JPN,2015,male,30-34,95.792
Japan,JPN,2015,male,35-39,96.369
Japan,JPN,2015,male,40-44,96.332
Japan,JPN,2015,male,45-49,95.933
Japan,JPN,2015,male,50-54,94.981
Japan,JPN,2015,male,55-59,93.062
Japan,JPN,2015,male,60-64,78.908
Japan,JPN,2015,female,15-19,16.715
Japan,JPN,2015,female,20-24,68.432
Japan,JPN,2015,female,25-29,80.196
Japan,JPN,2015,female,30-34,71.379
Japan,JPN,2015,female,35-39,71.767
Japan,JPN,2015,female,40-44,74.988
Japan,JPN,2015,female,45-49,77.344
Japan,JPN,2015,female,50-54,76.215
Japan,JPN,2015,female,55-59,69.047
Japan,JPN,2015,female,60-64,50.401
Japan,JPN,2016,male,15-19,17.701
Japan,JPN,2016,male,20-24,70.32
Japan,JPN,2016,male,25-29,94.008
Japan,JPN,2016,male,30-34,95.671
Japan,JPN,2016,male,35-39,96.093
Japan,JPN,2016,male,40-44,96.379
Japan,JPN,2016,male,45-49,96.092
Japan,JPN,2016,male,50-54,95.328
Japan,JPN,2016,male,55-59,93.197
Japan,JPN,2016,male,60-64,79.948
Japan,JPN,2016,female,15-19,16.899
Japan,JPN,2016,female,20-24,71.747
Japan,JPN,2016,female,25-29,81.57
Japan,JPN,2016,female,30-34,72.957
Japan,JPN,2016,female,35-39,72.029
Japan,JPN,2016,female,40-44,75.707
Japan,JPN,2016,female,45-49,78.451
Japan,JPN,2016,female,50-54,77.055
Japan,JPN,2016,female,55-59,70.814
Japan,JPN,2016,female,60-64,51.966
Japan,JPN,2017,male,15-19,16.412
Japan,JPN,2017,male,20-24,70.598
Japan,JPN,2017,male,25-29,94.054
Japan,JPN,2017,male,30-34,95.727
Japan,JPN,2017,male,35-39,96.394
Japan,JPN,2017,male,40-44,96.196
Japan,JPN,2017,male,45-49,95.863
Japan,JPN,2017,male,50-54,95.201
Japan,JPN,2017,male,55-59,93.774
Japan,JPN,2017,male,60-64,81.762
Japan,JPN,2017,female,15-19,17.093
Japan,JPN,2017,female,20-24,72.22
Japan,JPN,2017,female,25-29,82.11
Japan,JPN,2017,female,30-34,75.096
Japan,JPN,2017,female,35-39,73.185
Japan,JPN,2017,female,40-44,76.959
Japan,JPN,2017,female,45-49,79.534
Japan,JPN,2017,female,50-54,78.015
Japan,JPN,2017,female,55-59,72.136
Japan,JPN,2017,female,60-64,54.995
Japan,JPN,2018,male,15-19,18.387
Japan,JPN,2018,male,20-24,73.721
Japan,JPN,2018,male,25-29,94.407
Japan,JPN,2018,male,30-34,95.899
Japan,JPN,2018,male,35-39,96.387
Japan,JPN,2018,male,40-44,96.42
Japan,JPN,2018,male,45-49,95.869
Japan,JPN,2018,male,50-54,95.059
Japan,JPN,2018,male,55-59,93.461
Japan,JPN,2018,male,60-64,83.732
Japan,JPN,2018,female,15-19,20.232
Japan,JPN,2018,female,20-24,74.638
Japan,JPN,2018,female,25-29,83.758
Japan,JPN,2018,female,30-34,77.155
Japan,JPN,2018,female,35-39,74.6
Japan,JPN,2018,female,40-44,79.711
Japan,JPN,2018,female,45-49,79.486
Japan,JPN,2018,female,50-54,79.261
Japan,JPN,2018,female,55-59,72.851
Japan,JPN,2018,female,60-64,58.101
Japan,JPN,2019,male,15-19,19.344
Japan,JPN,2019,male,20-24,74.3
Japan,JPN,2019,male,25-29,94.26
Japan,JPN,2019,male,30-34,95.619
Japan,JPN,2019,male,35-39,96.298
Japan,JPN,2019,male,40-44,96.236
Japan,JPN,2019,male,45-49,95.844
Japan,JPN,2019,male,50-54,95.083
Japan,JPN,2019,male,55-59,93.293
Japan,JPN,2019,male,60-64,84.371
Japan,JPN,2019,female,15-19,22.183
Japan,JPN,2019,female,20-24,76.263
Japan,JPN,2019,female,25-29,85.199
Japan,JPN,2019,female,30-34,77.189
Japan,JPN,2019,female,35-39,76.67
Japan,JPN,2019,female,40-44,80.175
Japan,JPN,2019,female,45-49,81.252
Japan,JPN,2019,female,50-54,80.271
Japan,JPN,2019,female,55-59,74.332
Japan,JPN,2019,female,60-64,59.836
Japan,JPN,2020,male,15-19,17.63
Japan,JPN,2020,male,20-24,74.698
Japan,JPN,2020,male,25-29,94.274
Japan,JPN,2020,male,30-34,95.558
Japan,JPN,2020,male,35-39,96.222
Japan,JPN,2020,male,40-44,96.09
Japan,JPN,2020,male,45-49,95.841
Japan,JPN,2020,male,50-54,95.283
Japan,JPN,2020,male,55-59,93.715
Japan,JPN,2020,male,60-64,85.428
Japan,JPN,2020,female,15-19,20.162
Japan,JPN,2020,female,20-24,75.423
Japan,JPN,2020,female,25-29,86.151
Japan,JPN,2020,female,30-34,78.09
Japan,JPN,2020,female,35-39,76.005
Japan,JPN,2020,female,40-44,79.506
Japan,JPN,2020,female,45-49,80.992
Japan,JPN,2020,female,50-54,79.86
Japan,JPN,2020,female,55-59,74.697
Japan,JPN,2020,female,60-64,61.03
Japan,JPN,2021,male,15-19,17.434
Japan,JPN,2021,male,20-24,74.104
Japan,JPN,2021,male,25-29,94.887
Japan,JPN,2021,male,30-34,95.491
Japan,JPN,2021,male,35-39,96.352
Japan,JPN,2021,male,40-44,96.313
Japan,JPN,2021,male,45-49,95.793
Japan,JPN,2021,male,50-54,95.094
Japan,JPN,2021,male,55-59,93.723
Japan,JPN,2021,male,60-64,85.697
Japan,JPN,2021,female,15-19,20.01
Japan,JPN,2021,female,20-24,75.672
Japan,JPN,2021,female,25-29,87.052
Japan,JPN,2021,female,30-34,79.522
Japan,JPN,2021,female,35-39,77.77
Japan,JPN,2021,female,40-44,80.004
Japan,JPN,2021,female,45-49,81.224
Japan,JPN,2021,female,50-54,80.115
Japan,JPN,2021,female,55-59,74.818
Japan,JPN,2021,female,60-64,62.22
Japan,JPN,2022,male,15-19,18.055
Japan,JPN,2022,male,20-24,73.476
Japan,JPN,2022,male,25-29,94.39
Japan,JPN,2022,male,30-34,95.712
Japan,JPN,2022,male,35-39,96.451
Japan,JPN,2022,male,40-44,96.216
Japan,JPN,2022,male,45-49,95.839
Japan,JPN,2022,male,50-54,94.781
Japan,JPN,2022,male,55-59,93.636
Japan,JPN,2022,male,60-64,86.579
Japan,JPN,2022,female,15-19,20.995
Japan,JPN,2022,female,20-24,75.685
Japan,JPN,2022,female,25-29,87.771
Japan,JPN,2022,female,30-34,80.752
Japan,JPN,2022,female,35-39,79.041
Japan,JPN,2022,female,40-44,81.49
Japan,JPN,2022,female,45-49,81.994
Japan,JPN,2022,female,50-54,80.785
Japan,JPN,2022,female,55-59,75.73
Japan,JPN,2022,female,60-64,63.726
Japan,JPN,2023,male,15-19,18.705
Japan,JPN,2023,male,20-24,74.553
Japan,JPN,2023,male,25-29,94.045
Japan,JPN,2023,male,30-34,95.58
Japan,JPN,2023,male,35-39,95.962
Japan,JPN,2023,male,40-44,95.989
Japan,JPN,2023,male,45-49,95.671
Japan,JPN,2023,male,50-54,94.799
Japan,JPN,2023,male,55-59,93.888
Japan,JPN,2023,male,60-64,87.043
Japan,JPN,2023,female,15-19,22.527
Japan,JPN,2023,female,20-24,76.508
Japan,JPN,2023,female,25-29,87.989
Japan,JPN,2023,female,30-34,82.698
Japan,JPN,2023,female,35-39,80.086
Japan,JPN,2023,female,40-44,82.242
Japan,JPN,2023,female,45-49,83.252
Japan,JPN,2023,female,50-54,80.924
Japan,JPN,2023,female,55-59,76.297
Japan,JPN,2023,female,60-64,65.202
Japan,JPN,2024,male,15-19,20.3
Japan,JPN,2024,male,20-24,75.2
Japan,JPN,2024,male,25-29,94.0
Japan,JPN,2024,male,30-34,95.1
Japan,JPN,2024,male,35-39,95.5
Japan,JPN,2024,male,40-44,95.9
Japan,JPN,2024,male,45-49,95.7
Japan,JPN,2024,male,50-54,94.9
Japan,JPN,2024,male,55-59,93.6
Japan,JPN,2024,male,60-64,86.4
Japan,JPN,2024,female,15-19,23.6
Japan,JPN,2024,female,20-24,77.2
Japan,JPN,2024,female,25-29,88.9
Japan,JPN,2024,female,30-34,83.9
Japan,JPN,2024,female,35-39,81.4
Japan,JPN,2024,female,40-44,83.0
Japan,JPN,2024,female,45-49,83.9
Japan,JPN,2024,female,50-54,81.6
Japan,JPN,2024,female,55-59,77.3
Japan,JPN,2024,female,60-64,66.6
Sweden,SWE,1990,male,15-19,49.785
Sweden,SWE,1990,male,20-24,83.923
Sweden,SWE,1990,male,25-29,91.961
Sweden,SWE,1990,male,30-34,94.932
Sweden,SWE,1990,male,35-39,95.349
Sweden,SWE,1990,male,40-44,96.726
Sweden,SWE,1990,male,45-49,95.724
Sweden,SWE,1990,male,50-54,92.766
Sweden,SWE,1990,male,55-59,87.379
Sweden,SWE,1990,male,60-64,63.592
Sweden,SWE,1990,female,15-19,53.153
Sweden,SWE,1990,female,20-24,80.678
Sweden,SWE,1990,female,25-29,86.735
Sweden,SWE,1990,female,30-34,90.391
Sweden,SWE,1990,female,35-39,92.708
Sweden,SWE,1990,female,40-44,93.538
Sweden,SWE,1990,female,45-49,92.734
Sweden,SWE,1990,female,50-54,88.261
Sweden,SWE,1990,female,55-59,78.774
Sweden,SWE,1990,female,60-64,53.394
Sweden,SWE,1991,male,15-19,44.397
Sweden,SWE,1991,male,20-24,82.237
Sweden,SWE,1991,male,25-29,90.712
Sweden,SWE,1991,male,30-34,94.237
Sweden,SWE,1991,male,35-39,94.983
Sweden,SWE,1991,male,40-44,96.037
Sweden,SWE,1991,male,45-49,95.385
Sweden,SWE,1991,male,50-54,92.083
Sweden,SWE,1991,male,55-59,86.408
Sweden,SWE,1991,male,60-64,64.216
Sweden,SWE,1991,female,15-19,49.774
Sweden,SWE,1991,female,20-24,78.007
Sweden,SWE,1991,female,25-29,85.574
Sweden,SWE,1991,female,30-34,88.889
Sweden,SWE,1991,female,35-39,91.667
Sweden,SWE,1991,female,40-44,93.038
Sweden,SWE,1991,female,45-49,92.208
Sweden,SWE,1991,female,50-54,88.511
Sweden,SWE,1991,female,55-59,79.524
Sweden,SWE,1991,female,60-64,54.338
Sweden,SWE,1992,male,15-19,37.611
Sweden,SWE,1992,male,20-24,76.923
Sweden,SWE,1992,male,25-29,89.489
Sweden,SWE,1992,male,30-34,93.22
Sweden,SWE,1992,male,35-39,94.667
Sweden,SWE,1992,male,40-44,95.597
Sweden,SWE,1992,male,45-49,94.345
Sweden,SWE,1992,male,50-54,91.633
Sweden,SWE,1992,male,55-59,85.577
Sweden,SWE,1992,male,60-64,61.194
Sweden,SWE,1992,female,15-19,42.593
Sweden,SWE,1992,female,20-24,74.476
Sweden,SWE,1992,female,25-29,83.706
Sweden,SWE,1992,female,30-34,87.857
Sweden,SWE,1992,female,35-39,90.972
Sweden,SWE,1992,female,40-44,92.508
Sweden,SWE,1992,female,45-49,91.536
Sweden,SWE,1992,female,50-54,87.398
Sweden,SWE,1992,female,55-59,78.673
Sweden,SWE,1992,female,60-64,51.852
Sweden,SWE,1993,male,15-19,30.594
Sweden,SWE,1993,male,20-24,73.311
Sweden,SWE,1993,male,25-29,89.189
Sweden,SWE,1993,male,30-34,91.639
Sweden,SWE,1993,male,35-39,93.645
Sweden,SWE,1993,male,40-44,94.194
Sweden,SWE,1993,male,45-49,93.548
Sweden,SWE,1993,male,50-54,91.321
Sweden,SWE,1993,male,55-59,83.019
Sweden,SWE,1993,male,60-64,57.789
Sweden,SWE,1993,female,15-19,33.971
Sweden,SWE,1993,female,20-24,69.825
Sweden,SWE,1993,female,25-29,82.222
Sweden,SWE,1993,female,30-34,86.219
Sweden,SWE,1993,female,35-39,89.51
Sweden,SWE,1993,female,40-44,92.0
Sweden,SWE,1993,female,45-49,91.463
Sweden,SWE,1993,female,50-54,87.451
Sweden,SWE,1993,female,55-59,77.209
Sweden,SWE,1993,female,60-64,49.528
Sweden,SWE,1994,male,15-19,28.372
Sweden,SWE,1994,male,20-24,72.203
Sweden,SWE,1994,male,25-29,87.576
Sweden,SWE,1994,male,30-34,90.584
Sweden,SWE,1994,male,35-39,92.333
Sweden,SWE,1994,male,40-44,93.443
Sweden,SWE,1994,male,45-49,93.255
Sweden,SWE,1994,male,50-54,90.747
Sweden,SWE,1994,male,55-59,82.727
Sweden,SWE,1994,male,60-64,56.853
Sweden,SWE,1994,female,15-19,32.512
Sweden,SWE,1994,female,20-24,68.182
Sweden,SWE,1994,female,25-29,80.511
Sweden,SWE,1994,female,30-34,84.247
Sweden,SWE,1994,female,35-39,88.502
Sweden,SWE,1994,female,40-44,90.136
Sweden,SWE,1994,female,45-49,91.159
Sweden,SWE,1994,female,50-54,87.085
Sweden,SWE,1994,female,55-59,77.727
Sweden,SWE,1994,female,60-64,46.667
Sweden,SWE,1995,male,15-19,17.61
Sweden,SWE,1995,male,20-24,67.775
Sweden,SWE,1995,male,25-29,87.26
Sweden,SWE,1995,male,30-34,91.835
Sweden,SWE,1995,male,35-39,93.484
Sweden,SWE,1995,male,40-44,94.576
Sweden,SWE,1995,male,45-49,94.354
Sweden,SWE,1995,male,50-54,91.769
Sweden,SWE,1995,male,55-59,84.278
Sweden,SWE,1995,male,60-64,55.764
Sweden,SWE,1995,female,15-19,25.842
Sweden,SWE,1995,female,20-24,65.625
Sweden,SWE,1995,female,25-29,80.886
Sweden,SWE,1995,female,30-34,85.189
Sweden,SWE,1995,female,35-39,88.245
Sweden,SWE,1995,female,40-44,90.309
Sweden,SWE,1995,female,45-49,92.003
Sweden,SWE,1995,female,50-54,88.962
Sweden,SWE,1995,female,55-59,77.325
Sweden,SWE,1995,female,60-64,47.817
Sweden,SWE,1996,male,15-19,17.684
Sweden,SWE,1996,male,20-24,66.458
Sweden,SWE,1996,male,25-29,84.937
Sweden,SWE,1996,male,30-34,91.767
Sweden,SWE,1996,male,35-39,91.742
Sweden,SWE,1996,male,40-44,92.748
Sweden,SWE,1996,male,45-49,91.834
Sweden,SWE,1996,male,50-54,91.483
Sweden,SWE,1996,male,55-59,84.066
Sweden,SWE,1996,male,60-64,59.357
Sweden,SWE,1996,female,15-19,20.509
Sweden,SWE,1996,female,20-24,62.012
Sweden,SWE,1996,female,25-29,79.974
Sweden,SWE,1996,female,30-34,85.448
Sweden,SWE,1996,female,35-39,87.619
Sweden,SWE,1996,female,40-44,89.52
Sweden,SWE,1996,female,45-49,90.195
Sweden,SWE,1996,female,50-54,87.264
Sweden,SWE,1996,female,55-59,78.941
Sweden,SWE,1996,female,60-64,54.275
Sweden,SWE,1997,male,15-19,15.108
Sweden,SWE,1997,male,20-24,66.972
Sweden,SWE,1997,male,25-29,85.506
Sweden,SWE,1997,male,30-34,91.481
Sweden,SWE,1997,male,35-39,91.021
Sweden,SWE,1997,male,40-44,93.407
Sweden,SWE,1997,male,45-49,91.315
Sweden,SWE,1997,male,50-54,90.602
Sweden,SWE,1997,male,55-59,84.368
Sweden,SWE,1997,male,60-64,57.073
Sweden,SWE,1997,female,15-19,19.773
Sweden,SWE,1997,female,20-24,57.328
Sweden,SWE,1997,female,25-29,80.901
Sweden,SWE,1997,female,30-34,82.961
Sweden,SWE,1997,female,35-39,86.888
Sweden,SWE,1997,female,40-44,88.963
Sweden,SWE,1997,female,45-49,89.482
Sweden,SWE,1997,female,50-54,88.14
Sweden,SWE,1997,female,55-59,76.381
Sweden,SWE,1997,female,60-64,50.982
Sweden,SWE,1998,male,15-19,17.597
Sweden,SWE,1998,male,20-24,66.285
Sweden,SWE,1998,male,25-29,84.301
Sweden,SWE,1998,male,30-34,91.373
Sweden,SWE,1998,male,35-39,92.725
Sweden,SWE,1998,male,40-44,92.306
Sweden,SWE,1998,male,45-49,91.546
Sweden,SWE,1998,male,50-54,91.584
Sweden,SWE,1998,male,55-59,84.457
Sweden,SWE,1998,male,60-64,54.681
Sweden,SWE,1998,female,15-19,20.283
Sweden,SWE,1998,female,20-24,55.018
Sweden,SWE,1998,female,25-29,72.445
Sweden,SWE,1998,female,30-34,83.26
Sweden,SWE,1998,female,35-39,85.686
Sweden,SWE,1998,female,40-44,86.69
Sweden,SWE,1998,female,45-49,88.141
Sweden,SWE,1998,female,50-54,87.351
Sweden,SWE,1998,female,55-59,77.907
Sweden,SWE,1998,female,60-64,45.859
Sweden,SWE,1999,male,15-19,17.748
Sweden,SWE,1999,male,20-24,66.841
Sweden,SWE,1999,male,25-29,85.96
Sweden,SWE,1999,male,30-34,90.377
Sweden,SWE,1999,male,35-39,91.586
Sweden,SWE,1999,male,40-44,91.362
Sweden,SWE,1999,male,45-49,91.133
Sweden,SWE,1999,male,50-54,90.631
Sweden,SWE,1999,male,55-59,85.42
Sweden,SWE,1999,male,60-64,56.579
Sweden,SWE,1999,female,15-19,23.444
Sweden,SWE,1999,female,20-24,58.245
Sweden,SWE,1999,female,25-29,75.869
Sweden,SWE,1999,female,30-34,84.281
Sweden,SWE,1999,female,35-39,86.679
Sweden,SWE,1999,female,40-44,89.272
Sweden,SWE,1999,female,45-49,88.866
Sweden,SWE,1999,female,50-54,86.414
Sweden,SWE,1999,female,55-59,79.837
Sweden,SWE,1999,female,60-64,48.652
Sweden,SWE,2000,male,15-19,17.786
Sweden,SWE,2000,male,20-24,64.762
Sweden,SWE,2000,male,25-29,82.036
Sweden,SWE,2000,male,30-34,89.293
Sweden,SWE,2000,male,35-39,90.147
Sweden,SWE,2000,male,40-44,90.094
Sweden,SWE,2000,male,45-49,90.446
Sweden,SWE,2000,male,50-54,89.472
Sweden,SWE,2000,male,55-59,86.247
Sweden,SWE,2000,male,60-64,53.364
Sweden,SWE,2000,female,15-19,22.643
Sweden,SWE,2000,female,20-24,57.712
Sweden,SWE,2000,female,25-29,77.557
Sweden,SWE,2000,female,30-34,83.673
Sweden,SWE,2000,female,35-39,86.398
Sweden,SWE,2000,female,40-44,88.525
Sweden,SWE,2000,female,45-49,86.891
Sweden,SWE,2000,female,50-54,86.316
Sweden,SWE,2000,female,55-59,79.132
Sweden,SWE,2000,female,60-64,46.516
Sweden,SWE,2001,male,15-19,32.61
Sweden,SWE,2001,male,20-24,72.192
Sweden,SWE,2001,male,25-29,86.408
Sweden,SWE,2001,male,30-34,92.506
Sweden,SWE,2001,male,35-39,91.724
Sweden,SWE,2001,male,40-44,91.7
Sweden,SWE,2001,male,45-49,90.411
Sweden,SWE,2001,male,50-54,89.394
Sweden,SWE,2001,male,55-59,82.924
Sweden,SWE,2001,male,60-64,57.899
Sweden,SWE,2001,female,15-19,37.908
Sweden,SWE,2001,female,20-24,67.0
Sweden,SWE,2001,female,25-29,80.034
Sweden,SWE,2001,female,30-34,83.644
Sweden,SWE,2001,female,35-39,87.249
Sweden,SWE,2001,female,40-44,88.734
Sweden,SWE,2001,female,45-49,87.447
Sweden,SWE,2001,female,50-54,85.261
Sweden,SWE,2001,female,55-59,78.982
Sweden,SWE,2001,female,60-64,48.667
Sweden,SWE,2002,male,15-19,30.092
Sweden,SWE,2002,male,20-24,71.276
Sweden,SWE,2002,male,25-29,86.41
Sweden,SWE,2002,male,30-34,91.603
Sweden,SWE,2002,male,35-39,91.12
Sweden,SWE,2002,male,40-44,90.958
Sweden,SWE,2002,male,45-49,90.313
Sweden,SWE,2002,male,50-54,88.374
Sweden,SWE,2002,male,55-59,84.724
Sweden,SWE,2002,male,60-64,59.742
Sweden,SWE,2002,female,15-19,35.723
Sweden,SWE,2002,female,20-24,65.584
Sweden,SWE,2002,female,25-29,80.115
Sweden,SWE,2002,female,30-34,85.08
Sweden,SWE,2002,female,35-39,86.947
Sweden,SWE,2002,female,40-44,88.945
Sweden,SWE,2002,female,45-49,86.809
Sweden,SWE,2002,female,50-54,86.153
Sweden,SWE,2002,female,55-59,79.543
Sweden,SWE,2002,female,60-64,53.036
Sweden,SWE,2003,male,15-19,29.792
Sweden,SWE,2003,male,20-24,72.542
Sweden,SWE,2003,male,25-29,85.918
Sweden,SWE,2003,male,30-34,90.839
Sweden,SWE,2003,male,35-39,91.547
Sweden,SWE,2003,male,40-44,91.261
Sweden,SWE,2003,male,45-49,90.8
Sweden,SWE,2003,male,50-54,88.745
Sweden,SWE,2003,male,55-59,83.852
Sweden,SWE,2003,male,60-64,63.163
Sweden,SWE,2003,female,15-19,35.729
Sweden,SWE,2003,female,20-24,66.429
Sweden,SWE,2003,female,25-29,80.969
Sweden,SWE,2003,female,30-34,84.178
Sweden,SWE,2003,female,35-39,85.602
Sweden,SWE,2003,female,40-44,89.027
Sweden,SWE,2003,female,45-49,88.231
Sweden,SWE,2003,female,50-54,86.193
Sweden,SWE,2003,female,55-59,79.317
Sweden,SWE,2003,female,60-64,54.97
Sweden,SWE,2004,male,15-19,28.209
Sweden,SWE,2004,male,20-24,71.435
Sweden,SWE,2004,male,25-29,87.018
Sweden,SWE,2004,male,30-34,92.813
Sweden,SWE,2004,male,35-39,92.989
Sweden,SWE,2004,male,40-44,91.11
Sweden,SWE,2004,male,45-49,89.796
Sweden,SWE,2004,male,50-54,88.701
Sweden,SWE,2004,male,55-59,83.802
Sweden,SWE,2004,male,60-64,65.335
Sweden,SWE,2004,female,15-19,32.392
Sweden,SWE,2004,female,20-24,65.068
Sweden,SWE,2004,female,25-29,80.723
Sweden,SWE,2004,female,30-34,83.612
Sweden,SWE,2004,female,35-39,87.073
Sweden,SWE,2004,female,40-44,88.173
Sweden,SWE,2004,female,45-49,88.352
Sweden,SWE,2004,female,50-54,85.39
Sweden,SWE,2004,female,55-59,79.028
Sweden,SWE,2004,female,60-64,57.966
Sweden,SWE,2005,male,15-19,27.581
Sweden,SWE,2005,male,20-24,73.368
Sweden,SWE,2005,male,25-29,88.864
Sweden,SWE,2005,male,30-34,94.211
Sweden,SWE,2005,male,35-39,95.082
Sweden,SWE,2005,male,40-44,93.659
Sweden,SWE,2005,male,45-49,92.682
Sweden,SWE,2005,male,50-54,89.125
Sweden,SWE,2005,male,55-59,85.813
Sweden,SWE,2005,male,60-64,65.108
Sweden,SWE,2005,female,15-19,36.155
Sweden,SWE,2005,female,20-24,68.48
Sweden,SWE,2005,female,25-29,83.15
Sweden,SWE,2005,female,30-34,84.626
Sweden,SWE,2005,female,35-39,88.053
Sweden,SWE,2005,female,40-44,89.263
Sweden,SWE,2005,female,45-49,88.096
Sweden,SWE,2005,female,50-54,85.346
Sweden,SWE,2005,female,55-59,79.462
Sweden,SWE,2005,female,60-64,56.9
Sweden,SWE,2006,male,15-19,30.538
Sweden,SWE,2006,male,20-24,74.011
Sweden,SWE,2006,male,25-29,89.394
Sweden,SWE,2006,male,30-34,93.942
Sweden,SWE,2006,male,35-39,94.779
Sweden,SWE,2006,male,40-44,94.491
Sweden,SWE,2006,male,45-49,91.647
Sweden,SWE,2006,male,50-54,90.201
Sweden,SWE,2006,male,55-59,85.416
Sweden,SWE,2006,male,60-64,66.19
Sweden,SWE,2006,female,15-19,37.123
Sweden,SWE,2006,female,20-24,68.888
Sweden,SWE,2006,female,25-29,81.906
Sweden,SWE,2006,female,30-34,86.478
Sweden,SWE,2006,female,35-39,87.303
Sweden,SWE,2006,female,40-44,87.998
Sweden,SWE,2006,female,45-49,87.644
Sweden,SWE,2006,female,50-54,85.662
Sweden,SWE,2006,female,55-59,80.391
Sweden,SWE,2006,female,60-64,58.215
Sweden,SWE,2007,male,15-19,30.781
Sweden,SWE,2007,male,20-24,76.076
Sweden,SWE,2007,male,25-29,90.034
Sweden,SWE,2007,male,30-34,94.397
Sweden,SWE,2007,male,35-39,95.382
Sweden,SWE,2007,male,40-44,94.856
Sweden,SWE,2007,male,45-49,91.71
Sweden,SWE,2007,male,50-54,90.166
Sweden,SWE,2007,male,55-59,85.145
Sweden,SWE,2007,male,60-64,67.508
Sweden,SWE,2007,female,15-19,37.295
Sweden,SWE,2007,female,20-24,70.685
Sweden,SWE,2007,female,25-29,82.189
Sweden,SWE,2007,female,30-34,87.69
Sweden,SWE,2007,female,35-39,88.625
Sweden,SWE,2007,female,40-44,88.949
Sweden,SWE,2007,female,45-49,88.628
Sweden,SWE,2007,female,50-54,85.823
Sweden,SWE,2007,female,55-59,80.033
Sweden,SWE,2007,female,60-64,59.035
Sweden,SWE,2008,male,15-19,30.799
Sweden,SWE,2008,male,20-24,77.631
Sweden,SWE,2008,male,25-29,90.169
Sweden,SWE,2008,male,30-34,94.79
Sweden,SWE,2008,male,35-39,95.303
Sweden,SWE,2008,male,40-44,94.879
Sweden,SWE,2008,male,45-49,92.762
Sweden,SWE,2008,male,50-54,90.179
Sweden,SWE,2008,male,55-59,86.562
Sweden,SWE,2008,male,60-64,67.042
Sweden,SWE,2008,female,15-19,38.523
Sweden,SWE,2008,female,20-24,69.533
Sweden,SWE,2008,female,25-29,82.365
Sweden,SWE,2008,female,30-34,88.14
Sweden,SWE,2008,female,35-39,89.6
Sweden,SWE,2008,female,40-44,89.565
Sweden,SWE,2008,female,45-49,88.618
Sweden,SWE,2008,female,50-54,86.326
Sweden,SWE,2008,female,55-59,80.552
Sweden,SWE,2008,female,60-64,58.219
Sweden,SWE,2009,male,15-19,28.631
Sweden,SWE,2009,male,20-24,75.506
Sweden,SWE,2009,male,25-29,89.503
Sweden,SWE,2009,male,30-34,94.801
Sweden,SWE,2009,male,35-39,94.403
Sweden,SWE,2009,male,40-44,94.61
Sweden,SWE,2009,male,45-49,93.081
Sweden,SWE,2009,male,50-54,90.145
Sweden,SWE,2009,male,55-59,87.556
Sweden,SWE,2009,male,60-64,68.714
Sweden,SWE,2009,female,15-19,35.089
Sweden,SWE,2009,female,20-24,68.195
Sweden,SWE,2009,female,25-29,81.219
Sweden,SWE,2009,female,30-34,87.164
Sweden,SWE,2009,female,35-39,88.829
Sweden,SWE,2009,female,40-44,90.004
Sweden,SWE,2009,female,45-49,88.204
Sweden,SWE,2009,female,50-54,86.574
Sweden,SWE,2009,female,55-59,81.537
Sweden,SWE,2009,female,60-64,59.218
Sweden,SWE,2010,male,15-19,29.277
Sweden,SWE,2010,male,20-24,75.267
Sweden,SWE,2010,male,25-29,88.219
Sweden,SWE,2010,male,30-34,94.329
Sweden,SWE,2010,male,35-39,95.112
Sweden,SWE,2010,male,40-44,95.084
Sweden,SWE,2010,male,45-49,93.709
Sweden,SWE,2010,male,50-54,90.441
Sweden,SWE,2010,male,55-59,88.138
Sweden,SWE,2010,male,60-64,71.078
Sweden,SWE,2010,female,15-19,34.413
Sweden,SWE,2010,female,20-24,68.499
Sweden,SWE,2010,female,25-29,80.61
Sweden,SWE,2010,female,30-34,86.253
Sweden,SWE,2010,female,35-39,88.321
Sweden,SWE,2010,female,40-44,89.669
Sweden,SWE,2010,female,45-49,88.016
Sweden,SWE,2010,female,50-54,86.15
Sweden,SWE,2010,female,55-59,82.114
Sweden,SWE,2010,female,60-64,59.36
Sweden,SWE,2011,male,15-19,29.471
Sweden,SWE,2011,male,20-24,75.768
Sweden,SWE,2011,male,25-29,88.734
Sweden,SWE,2011,male,30-34,94.177
Sweden,SWE,2011,male,35-39,95.714
Sweden,SWE,2011,male,40-44,94.757
Sweden,SWE,2011,male,45-49,93.721
Sweden,SWE,2011,male,50-54,91.638
Sweden,SWE,2011,male,55-59,88.26
Sweden,SWE,2011,male,60-64,71.897
Sweden,SWE,2011,female,15-19,34.723
Sweden,SWE,2011,female,20-24,69.821
Sweden,SWE,2011,female,25-29,81.648
Sweden,SWE,2011,female,30-34,87.154
Sweden,SWE,2011,female,35-39,87.958
Sweden,SWE,2011,female,40-44,90.342
Sweden,SWE,2011,female,45-49,88.763
Sweden,SWE,2011,female,50-54,87.362
Sweden,SWE,2011,female,55-59,83.334
Sweden,SWE,2011,female,60-64,61.58
Sweden,SWE,2012,male,15-19,26.76
Sweden,SWE,2012,male,20-24,73.895
Sweden,SWE,2012,male,25-29,88.933
Sweden,SWE,2012,male,30-34,94.13
Sweden,SWE,2012,male,35-39,96.306
Sweden,SWE,2012,male,40-44,95.15
Sweden,SWE,2012,male,45-49,94.402
Sweden,SWE,2012,male,50-54,91.883
Sweden,SWE,2012,male,55-59,89.213
Sweden,SWE,2012,male,60-64,72.764
Sweden,SWE,2012,female,15-19,35.617
Sweden,SWE,2012,female,20-24,69.053
Sweden,SWE,2012,female,25-29,81.489
Sweden,SWE,2012,female,30-34,86.266
Sweden,SWE,2012,female,35-39,88.902
Sweden,SWE,2012,female,40-44,90.629
Sweden,SWE,2012,female,45-49,89.701
Sweden,SWE,2012,female,50-54,87.821
Sweden,SWE,2012,female,55-59,83.231
Sweden,SWE,2012,female,60-64,63.069
Sweden,SWE,2013,male,15-19,29.26
Sweden,SWE,2013,male,20-24,74.467
Sweden,SWE,2013,male,25-29,88.969
Sweden,SWE,2013,male,30-34,94.131
Sweden,SWE,2013,male,35-39,96.162
Sweden,SWE,2013,male,40-44,95.852
Sweden,SWE,2013,male,45-49,94.529
Sweden,SWE,2013,male,50-54,91.783
Sweden,SWE,2013,male,55-59,89.507
Sweden,SWE,2013,male,60-64,73.71
Sweden,SWE,2013,female,15-19,37.311
Sweden,SWE,2013,female,20-24,69.974
Sweden,SWE,2013,female,25-29,82.023
Sweden,SWE,2013,female,30-34,86.265
Sweden,SWE,2013,female,35-39,90.89
Sweden,SWE,2013,female,40-44,91.0
Sweden,SWE,2013,female,45-49,89.986
Sweden,SWE,2013,female,50-54,88.109
Sweden,SWE,2013,female,55-59,82.413
Sweden,SWE,2013,female,60-64,64.419
Sweden,SWE,2014,male,15-19,30.804
Sweden,SWE,2014,male,20-24,74.43
Sweden,SWE,2014,male,25-29,89.201
Sweden,SWE,2014,male,30-34,94.346
Sweden,SWE,2014,male,35-39,95.117
Sweden,SWE,2014,male,40-44,95.776
Sweden,SWE,2014,male,45-49,95.024
Sweden,SWE,2014,male,50-54,91.508
Sweden,SWE,2014,male,55-59,89.161
Sweden,SWE,2014,male,60-64,73.689
Sweden,SWE,2014,female,15-19,38.157
Sweden,SWE,2014,female,20-24,70.349
Sweden,SWE,2014,female,25-29,81.966
Sweden,SWE,2014,female,30-34,87.841
Sweden,SWE,2014,female,35-39,89.282
Sweden,SWE,2014,female,40-44,91.451
Sweden,SWE,2014,female,45-49,90.566
Sweden,SWE,2014,female,50-54,86.634
Sweden,SWE,2014,female,55-59,83.493
Sweden,SWE,2014,female,60-64,66.218
Sweden,SWE,2015,male,15-19,29.517
Sweden,SWE,2015,male,20-24,73.399
Sweden,SWE,2015,male,25-29,89.334
Sweden,SWE,2015,male,30-34,94.218
Sweden,SWE,2015,male,35-39,94.938
Sweden,SWE,2015,male,40-44,95.109
Sweden,SWE,2015,male,45-49,94.531
Sweden,SWE,2015,male,50-54,92.147
Sweden,SWE,2015,male,55-59,89.412
Sweden,SWE,2015,male,60-64,73.826
Sweden,SWE,2015,female,15-19,38.655
Sweden,SWE,2015,female,20-24,70.6
Sweden,SWE,2015,female,25-29,82.969
Sweden,SWE,2015,female,30-34,87.277
Sweden,SWE,2015,female,35-39,89.519
Sweden,SWE,2015,female,40-44,92.152
Sweden,SWE,2015,female,45-49,91.394
Sweden,SWE,2015,female,50-54,87.013
Sweden,SWE,2015,female,55-59,84.348
Sweden,SWE,2015,female,60-64,66.468
Sweden,SWE,2016,male,15-19,29.899
Sweden,SWE,2016,male,20-24,74.242
Sweden,SWE,2016,male,25-29,88.325
Sweden,SWE,2016,male,30-34,93.782
Sweden,SWE,2016,male,35-39,95.472
Sweden,SWE,2016,male,40-44,95.338
Sweden,SWE,2016,male,45-49,94.114
Sweden,SWE,2016,male,50-54,93.384
Sweden,SWE,2016,male,55-59,89.962
Sweden,SWE,2016,male,60-64,74.753
Sweden,SWE,2016,female,15-19,37.426
Sweden,SWE,2016,female,20-24,70.26
Sweden,SWE,2016,female,25-29,82.758
Sweden,SWE,2016,female,30-34,87.489
Sweden,SWE,2016,female,35-39,89.936
Sweden,SWE,2016,female,40-44,91.278
Sweden,SWE,2016,female,45-49,91.794
Sweden,SWE,2016,female,50-54,87.86
Sweden,SWE,2016,female,55-59,85.199
Sweden,SWE,2016,female,60-64,68.3
Sweden,SWE,2017,male,15-19,30.5
Sweden,SWE,2017,male,20-24,74.607
Sweden,SWE,2017,male,25-29,88.361
Sweden,SWE,2017,male,30-34,94.099
Sweden,SWE,2017,male,35-39,95.53
Sweden,SWE,2017,male,40-44,95.938
Sweden,SWE,2017,male,45-49,94.495
Sweden,SWE,2017,male,50-54,94.094
Sweden,SWE,2017,male,55-59,91.413
Sweden,SWE,2017,male,60-64,74.611
Sweden,SWE,2017,female,15-19,38.21
Sweden,SWE,2017,female,20-24,69.975
Sweden,SWE,2017,female,25-29,83.664
Sweden,SWE,2017,female,30-34,87.421
Sweden,SWE,2017,female,35-39,89.949
Sweden,SWE,2017,female,40-44,91.113
Sweden,SWE,2017,female,45-49,91.764
Sweden,SWE,2017,female,50-54,89.178
Sweden,SWE,2017,female,55-59,86.24
Sweden,SWE,2017,female,60-64,69.23
Sweden,SWE,2018,male,15-19,31.062
Sweden,SWE,2018,male,20-24,73.042
Sweden,SWE,2018,male,25-29,87.664
Sweden,SWE,2018,male,30-34,93.861
Sweden,SWE,2018,male,35-39,95.356
Sweden,SWE,2018,male,40-44,95.979
Sweden,SWE,2018,male,45-49,95.355
Sweden,SWE,2018,male,50-54,94.17
Sweden,SWE,2018,male,55-59,92.091
Sweden,SWE,2018,male,60-64,76.826
Sweden,SWE,2018,female,15-19,39.959
Sweden,SWE,2018,female,20-24,69.581
Sweden,SWE,2018,female,25-29,82.958
Sweden,SWE,2018,female,30-34,87.215
Sweden,SWE,2018,female,35-39,90.548
Sweden,SWE,2018,female,40-44,91.4
Sweden,SWE,2018,female,45-49,92.254
Sweden,SWE,2018,female,50-54,89.731
Sweden,SWE,2018,female,55-59,86.101
Sweden,SWE,2018,female,60-64,70.85
Sweden,SWE,2019,male,15-19,33.162
Sweden,SWE,2019,male,20-24,73.974
Sweden,SWE,2019,male,25-29,87.005
Sweden,SWE,2019,male,30-34,93.774
Sweden,SWE,2019,male,35-39,95.431
Sweden,SWE,2019,male,40-44,96.633
Sweden,SWE,2019,male,45-49,96.308
Sweden,SWE,2019,male,50-54,94.167
Sweden,SWE,2019,male,55-59,90.677
Sweden,SWE,2019,male,60-64,76.885
Sweden,SWE,2019,female,15-19,43.227
Sweden,SWE,2019,female,20-24,68.782
Sweden,SWE,2019,female,25-29,82.129
Sweden,SWE,2019,female,30-34,87.119
Sweden,SWE,2019,female,35-39,88.662
Sweden,SWE,2019,female,40-44,92.437
Sweden,SWE,2019,female,45-49,92.108
Sweden,SWE,2019,female,50-54,90.717
Sweden,SWE,2019,female,55-59,87.249
Sweden,SWE,2019,female,60-64,70.099
Sweden,SWE,2020,male,15-19,30.552
Sweden,SWE,2020,male,20-24,73.226
Sweden,SWE,2020,male,25-29,87.809
Sweden,SWE,2020,male,30-34,94.33
Sweden,SWE,2020,male,35-39,96.014
Sweden,SWE,2020,male,40-44,95.969
Sweden,SWE,2020,male,45-49,95.841
Sweden,SWE,2020,male,50-54,93.699
Sweden,SWE,2020,male,55-59,92.396
Sweden,SWE,2020,male,60-64,77.468
Sweden,SWE,2020,female,15-19,37.653
Sweden,SWE,2020,female,20-24,66.461
Sweden,SWE,2020,female,25-29,82.167
Sweden,SWE,2020,female,30-34,86.419
Sweden,SWE,2020,female,35-39,88.575
Sweden,SWE,2020,female,40-44,90.679
Sweden,SWE,2020,female,45-49,92.12
Sweden,SWE,2020,female,50-54,91.22
Sweden,SWE,2020,female,55-59,88.96
Sweden,SWE,2020,female,60-64,68.816
Sweden,SWE,2021,male,15-19,30.768
Sweden,SWE,2021,male,20-24,75.55
Sweden,SWE,2021,male,25-29,87.771
Sweden,SWE,2021,male,30-34,94.415
Sweden,SWE,2021,male,35-39,95.111
Sweden,SWE,2021,male,40-44,95.491
Sweden,SWE,2021,male,45-49,94.644
Sweden,SWE,2021,male,50-54,95.544
Sweden,SWE,2021,male,55-59,92.553
Sweden,SWE,2021,male,60-64,75.516
Sweden,SWE,2021,female,15-19,40.91
Sweden,SWE,2021,female,20-24,69.511
Sweden,SWE,2021,female,25-29,82.373
Sweden,SWE,2021,female,30-34,86.918
Sweden,SWE,2021,female,35-39,86.736
Sweden,SWE,2021,female,40-44,90.853
Sweden,SWE,2021,female,45-49,91.624
Sweden,SWE,2021,female,50-54,89.751
Sweden,SWE,2021,female,55-59,88.59
Sweden,SWE,2021,female,60-64,68.889
Sweden,SWE,2022,male,15-19,37.359
Sweden,SWE,2022,male,20-24,76.793
Sweden,SWE,2022,male,25-29,88.289
Sweden,SWE,2022,male,30-34,94.284
Sweden,SWE,2022,male,35-39,96.15
Sweden,SWE,2022,male,40-44,94.996
Sweden,SWE,2022,male,45-49,96.025
Sweden,SWE,2022,male,50-54,94.792
Sweden,SWE,2022,male,55-59,91.925
Sweden,SWE,2022,male,60-64,74.873
Sweden,SWE,2022,female,15-19,45.027
Sweden,SWE,2022,female,20-24,68.852
Sweden,SWE,2022,female,25-29,83.176
Sweden,SWE,2022,female,30-34,87.564
Sweden,SWE,2022,female,35-39,89.268
Sweden,SWE,2022,female,40-44,90.746
Sweden,SWE,2022,female,45-49,91.57
Sweden,SWE,2022,female,50-54,90.711
Sweden,SWE,2022,female,55-59,85.964
Sweden,SWE,2022,female,60-64,70.333
Sweden,SWE,2023,male,15-19,36.838
Sweden,SWE,2023,male,20-24,78.924
Sweden,SWE,2023,male,25-29,87.572
Sweden,SWE,2023,male,30-34,93.73
Sweden,SWE,2023,male,35-39,97.113
Sweden,SWE,2023,male,40-44,95.431
Sweden,SWE,2023,male,45-49,95.305
Sweden,SWE,2023,male,50-54,94.95
Sweden,SWE,2023,male,55-59,93.14
Sweden,SWE,2023,male,60-64,76.475
Sweden,SWE,2023,female,15-19,44.846
Sweden,SWE,2023,female,20-24,70.231
Sweden,SWE,2023,female,25-29,87.208
Sweden,SWE,2023,female,30-34,88.317
Sweden,SWE,2023,female,35-39,90.718
Sweden,SWE,2023,female,40-44,91.95
Sweden,SWE,2023,female,45-49,93.1
Sweden,SWE,2023,female,50-54,90.506
Sweden,SWE,2023,female,55-59,87.051
Sweden,SWE,2023,female,60-64,70.146
Sweden,SWE,2024,male,15-19,37.216
Sweden,SWE,2024,male,20-24,76.687
Sweden,SWE,2024,male,25-29,88.405
Sweden,SWE,2024,male,30-34,92.889
Sweden,SWE,2024,male,35-39,95.086
Sweden,SWE,2024,male,40-44,95.23
Sweden,SWE,2024,male,45-49,94.891
Sweden,SWE,2024,male,50-54,96.169
Sweden,SWE,2024,male,55-59,92.917
Sweden,SWE,2024,male,60-64,76.444
Sweden,SWE,2024,female,15-19,45.536
Sweden,SWE,2024,female,20-24,68.916
Sweden,SWE,2024,female,25-29,83.899
Sweden,SWE,2024,female,30-34,88.711
Sweden,SWE,2024,female,35-39,91.49
Sweden,SWE,2024,female,40-44,92.562
Sweden,SWE,2024,female,45-49,93.241
Sweden,SWE,2024,female,50-54,91.373
Sweden,SWE,2024,female,55-59,88.145
Sweden,SWE,2024,female,60-64,72.259
