country,iso,year,sex,value
Japan,JPN,1968,female,50.683
Japan,JPN,1969,female,50.1
Japan,JPN,1970,female,49.84
Japan,JPN,1971,female,48.783
Japan,JPN,1972,female,47.808
Japan,JPN,1973,female,48.269
Japan,JPN,1974,female,46.521
Japan,JPN,1975,female,45.754
Japan,JPN,1976,female,45.755
Japan,JPN,1977,female,46.61
Japan,JPN,1978,female,47.358
Japan,JPN,1979,female,47.598
Japan,JPN,1980,female,47.605
Japan,JPN,1981,female,47.658
Japan,JPN,1982,female,48.09
Japan,JPN,1983,female,48.999
Japan,JPN,1984,female,48.886
Japan,JPN,1985,female,48.654
Japan,JPN,1986,female,48.629
Japan,JPN,1987,female,48.648
Japan,JPN,1988,female,48.854
Japan,JPN,1989,female,49.473
Japan,JPN,1990,female,50.116
Japan,JPN,1991,female,50.678
Japan,JPN,1992,female,50.729
Japan,JPN,1993,female,50.329
Japan,JPN,1994,female,50.177
Japan,JPN,1995,female,49.981
Japan,JPN,1996,female,50.037
Japan,JPN,1997,female,50.383
Japan,JPN,1998,female,50.136
Japan,JPN,1999,female,49.595
Japan,JPN,2000,female,49.292
Japan,JPN,2001,female,49.198
Japan,JPN,2002,female,48.518
Japan,JPN,2003,female,48.275
Japan,JPN,2004,female,48.255
Japan,JPN,2005,female,48.364
Japan,JPN,2006,female,48.445
Japan,JPN,2007,female,48.483
Japan,JPN,2008,female,48.353
Japan,JPN,2009,female,48.476
Japan,JPN,2010,female,48.468
Japan,JPN,2011,female,48.276
Japan,JPN,2012,female,48.18
Japan,JPN,2013,female,48.885
Japan,JPN,2014,female,49.241
Japan,JPN,2015,female,49.555
Japan,JPN,2016,female,50.358
Japan,JPN,2017,female,51.158
Japan,JPN,2018,female,52.544
Japan,JPN,2019,female,53.288
Japan,JPN,2020,female,53.152
Japan,JPN,2021,female,53.546
Japan,JPN,2022,female,54.248
Japan,JPN,2023,female,54.838
Japan,JPN,2024,female,55.597
Japan,JPN,2025,female,56.42
Japan,JPN,1968,male,82.116
Japan,JPN,1969,male,81.907
Japan,JPN,1970,male,81.783
Japan,JPN,1971,male,82.274
Japan,JPN,1972,male,82.108
Japan,JPN,1973,male,82.235
Japan,JPN,1974,male,81.888
Japan,JPN,1975,male,81.406
Japan,JPN,1976,male,81.215
Japan,JPN,1977,male,80.701
Japan,JPN,1978,male,80.311
Japan,JPN,1979,male,80.177
Japan,JPN,1980,male,79.779
Japan,JPN,1981,male,79.808
Japan,JPN,1982,male,79.634
Japan,JPN,1983,male,79.447
Japan,JPN,1984,male,78.847
Japan,JPN,1985,male,78.145
Japan,JPN,1986,male,77.761
Japan,JPN,1987,male,77.354
Japan,JPN,1988,male,77.151
Japan,JPN,1989,male,76.931
Japan,JPN,1990,male,77.393
Japan,JPN,1991,male,77.612
Japan,JPN,1992,male,77.989
Japan,JPN,1993,male,78.049
Japan,JPN,1994,male,77.806
Japan,JPN,1995,male,77.628
Japan,JPN,1996,male,77.722
Japan,JPN,1997,male,77.737
Japan,JPN,1998,male,77.315
Japan,JPN,1999,male,76.911
Japan,JPN,2000,male,76.399
Japan,JPN,2001,male,75.692
Japan,JPN,2002,male,74.764
Japan,JPN,2003,male,74.105
Japan,JPN,2004,male,73.378
Japan,JPN,2005,male,73.267
Japan,JPN,2006,male,73.179
Japan,JPN,2007,male,73.142
Japan,JPN,2008,male,72.792
Japan,JPN,2009,male,72.014
Japan,JPN,2010,male,71.608
Japan,JPN,2011,male,71.126
Japan,JPN,2012,male,70.738
Japan,JPN,2013,male,70.561
Japan,JPN,2014,male,70.432
Japan,JPN,2015,male,70.309
Japan,JPN,2016,male,70.402
Japan,JPN,2017,male,70.481
Japan,JPN,2018,male,71.154
Japan,JPN,2019,male,71.399
Japan,JPN,2020,male,71.418
Japan,JPN,2021,male,71.292
Japan,JPN,2022,male,71.434
Japan,JPN,2023,male,71.517
Japan,JPN,2024,male,71.445
Japan,JPN,2025,male,71.719
Sweden,SWE,1963,female,49.424
Sweden,SWE,1964,female,48.814
Sweden,SWE,1965,female,48.724
Sweden,SWE,1966,female,49.641
Sweden,SWE,1967,female,49.117
Sweden,SWE,1968,female,50.515
Sweden,SWE,1969,female,51.478
Sweden,SWE,1970,female,52.801
Sweden,SWE,1971,female,54.009
Sweden,SWE,1972,female,54.749
Sweden,SWE,1973,female,55.173
Sweden,SWE,1974,female,57.062
Sweden,SWE,1975,female,59.19
Sweden,SWE,1976,female,60.673
Sweden,SWE,1977,female,61.286
Sweden,SWE,1978,female,62.329
Sweden,SWE,1979,female,63.701
Sweden,SWE,1980,female,64.752
Sweden,SWE,1981,female,65.864
Sweden,SWE,1982,female,66.523
Sweden,SWE,1983,female,67.233
Sweden,SWE,1984,female,67.764
Sweden,SWE,1985,female,68.173
Sweden,SWE,1986,female,68.789
Sweden,SWE,1987,female,69.599
Sweden,SWE,1988,female,70.39
Sweden,SWE,1989,female,70.902
Sweden,SWE,1990,female,71.213
Sweden,SWE,1991,female,70.692
Sweden,SWE,1992,female,69.287
Sweden,SWE,1993,female,67.667
Sweden,SWE,1994,female,66.762
Sweden,SWE,1995,female,67.311
Sweden,SWE,1996,female,67.375
Sweden,SWE,1997,female,66.529
Sweden,SWE,1998,female,65.884
Sweden,SWE,1999,female,66.55
Sweden,SWE,2000,female,67.512
Sweden,SWE,2001,female,68.225
Sweden,SWE,2002,female,68.238
Sweden,SWE,2003,female,68.146
Sweden,SWE,2004,female,67.92
Sweden,SWE,2005,female,68.82
Sweden,SWE,2006,female,68.957
Sweden,SWE,2007,female,68.309
Sweden,SWE,2008,female,68.329
Sweden,SWE,2009,female,67.636
Sweden,SWE,2010,female,67.075
Sweden,SWE,2011,female,67.851
Sweden,SWE,2012,female,68.266
Sweden,SWE,2013,female,68.657
Sweden,SWE,2014,female,69.102
Sweden,SWE,2015,female,69.466
Sweden,SWE,2016,female,69.641
Sweden,SWE,2017,female,70.176
Sweden,SWE,2018,female,70.613
Sweden,SWE,2019,female,70.987
Sweden,SWE,2020,female,70.371
Sweden,SWE,2021,female,70.701
Sweden,SWE,2022,female,71.604
Sweden,SWE,2023,female,72.754
Sweden,SWE,2024,female,73.061
Sweden,SWE,2025,female,73.268
Sweden,SWE,1963,male,85.191
Sweden,SWE,1964,male,84.419
Sweden,SWE,1965,male,83.931
Sweden,SWE,1966,male,83.257
Sweden,SWE,1967,male,82.397
Sweden,SWE,1968,male,82.054
Sweden,SWE,1969,male,81.329
Sweden,SWE,1970,male,80.606
Sweden,SWE,1971,male,80.296
Sweden,SWE,1972,male,79.668
Sweden,SWE,1973,male,79.516
Sweden,SWE,1974,male,79.669
Sweden,SWE,1975,male,79.986
Sweden,SWE,1976,male,79.504
Sweden,SWE,1977,male,78.668
Sweden,SWE,1978,male,78.468
Sweden,SWE,1979,male,78.7
Sweden,SWE,1980,male,78.544
Sweden,SWE,1981,male,77.496
Sweden,SWE,1982,male,77.345
Sweden,SWE,1983,male,76.926
Sweden,SWE,1984,male,76.531
Sweden,SWE,1985,male,76.817
Sweden,SWE,1986,male,76.83
Sweden,SWE,1987,male,76.383
Sweden,SWE,1988,male,76.652
Sweden,SWE,1989,male,77.252
Sweden,SWE,1990,male,77.59
Sweden,SWE,1991,male,76.997
Sweden,SWE,1992,male,75.381
Sweden,SWE,1993,male,73.851
Sweden,SWE,1994,male,73.289
Sweden,SWE,1995,male,73.726
Sweden,SWE,1996,male,73.679
Sweden,SWE,1997,male,73.239
Sweden,SWE,1998,male,73.287
Sweden,SWE,1999,male,73.407
Sweden,SWE,2000,male,74.253
Sweden,SWE,2001,male,74.299
Sweden,SWE,2002,male,74.291
Sweden,SWE,2003,male,73.949
Sweden,SWE,2004,male,73.625
Sweden,SWE,2005,male,75.174
Sweden,SWE,2006,male,75.141
Sweden,SWE,2007,male,73.935
Sweden,SWE,2008,male,74.073
Sweden,SWE,2009,male,73.458
Sweden,SWE,2010,male,73.799
Sweden,SWE,2011,male,73.913
Sweden,SWE,2012,male,73.916
Sweden,SWE,2013,male,74.226
Sweden,SWE,2014,male,74.704
Sweden,SWE,2015,male,74.398
Sweden,SWE,2016,male,74.402
Sweden,SWE,2017,male,75.086
Sweden,SWE,2018,male,75.195
Sweden,SWE,2019,male,75.52
Sweden,SWE,2020,male,76.083
Sweden,SWE,2021,male,76.496
Sweden,SWE,2022,male,77.112
Sweden,SWE,2023,male,77.634
Sweden,SWE,2024,male,77.442
Sweden,SWE,2025,male,78.01
