country,iso,year,value,sex
Japan,JPN,1990,50.062,female
Japan,JPN,1991,50.627,female
Japan,JPN,1992,50.667,female
Japan,JPN,1993,50.265,female
Japan,JPN,1994,50.111,female
Japan,JPN,1995,49.914,female
Japan,JPN,1996,49.968,female
Japan,JPN,1997,50.318,female
Japan,JPN,1998,50.064,female
Japan,JPN,1999,49.522,female
Japan,JPN,2000,49.19,female
Japan,JPN,2001,49.051,female
Japan,JPN,2002,48.457,female
Japan,JPN,2003,48.157,female
Japan,JPN,2004,48.163,female
Japan,JPN,2005,48.284,female
Japan,JPN,2006,48.401,female
Japan,JPN,2007,48.388,female
Japan,JPN,2008,48.36,female
Japan,JPN,2009,48.438,female
Japan,JPN,2010,48.34,female
Japan,JPN,2011,48.09,female
Japan,JPN,2012,48.028,female
Japan,JPN,2013,48.739,female
Japan,JPN,2014,49.176,female
Japan,JPN,2015,49.41,female
Japan,JPN,2016,50.208,female
Japan,JPN,2017,51.031,female
Japan,JPN,2018,52.368,female
Japan,JPN,2019,53.24,female
Japan,JPN,2020,53.09,female
Japan,JPN,2021,53.46,female
Japan,JPN,2022,54.173,female
Japan,JPN,2023,54.847,female
Japan,JPN,2024,55.596,female
Japan,JPN,2025,55.905,female
Japan,JPN,1990,77.309,male
Japan,JPN,1991,77.534,male
Japan,JPN,1992,77.894,male
Japan,JPN,1993,77.949,male
Japan,JPN,1994,77.704,male
Japan,JPN,1995,77.524,male
Japan,JPN,1996,77.614,male
Japan,JPN,1997,77.636,male
Japan,JPN,1998,77.205,male
Japan,JPN,1999,76.797,male
Japan,JPN,2000,76.328,male
Japan,JPN,2001,75.565,male
Japan,JPN,2002,74.646,male
Japan,JPN,2003,74.016,male
Japan,JPN,2004,73.316,male
Japan,JPN,2005,73.201,male
Japan,JPN,2006,73.107,male
Japan,JPN,2007,73.077,male
Japan,JPN,2008,72.628,male
Japan,JPN,2009,71.96,male
Japan,JPN,2010,71.491,male
Japan,JPN,2011,71.085,male
Japan,JPN,2012,70.665,male
Japan,JPN,2013,70.395,male
Japan,JPN,2014,70.341,male
Japan,JPN,2015,70.209,male
Japan,JPN,2016,70.364,male
Japan,JPN,2017,70.437,male
Japan,JPN,2018,71.084,male
Japan,JPN,2019,71.317,male
Japan,JPN,2020,71.352,male
Japan,JPN,2021,71.18,male
Japan,JPN,2022,71.354,male
Japan,JPN,2023,71.461,male
Japan,JPN,2024,71.495,male
Japan,JPN,2025,71.478,male
Sweden,SWE,1990,62.803,female
Sweden,SWE,1991,62.138,female
Sweden,SWE,1992,60.781,female
Sweden,SWE,1993,59.355,female
Sweden,SWE,1994,58.54,female
Sweden,SWE,1995,58.996,female
Sweden,SWE,1996,59.066,female
Sweden,SWE,1997,58.592,female
Sweden,SWE,1998,57.358,female
Sweden,SWE,1999,58.374,female
Sweden,SWE,2000,58.104,female
Sweden,SWE,2001,58.578,female
Sweden,SWE,2002,58.716,female
Sweden,SWE,2003,58.793,female
Sweden,SWE,2004,58.466,female
Sweden,SWE,2005,59.116,female
Sweden,SWE,2006,59.231,female
Sweden,SWE,2007,59.706,female
Sweden,SWE,2008,59.836,female
Sweden,SWE,2009,59.378,female
Sweden,SWE,2010,58.976,female
Sweden,SWE,2011,59.526,female
Sweden,SWE,2012,59.719,female
Sweden,SWE,2013,60.127,female
Sweden,SWE,2014,60.279,female
Sweden,SWE,2015,60.562,female
Sweden,SWE,2016,60.691,female
Sweden,SWE,2017,61.036,female
Sweden,SWE,2018,61.259,female
Sweden,SWE,2019,61.315,female
Sweden,SWE,2020,60.587,female
Sweden,SWE,2021,60.704,female
Sweden,SWE,2022,61.05,female
Sweden,SWE,2023,61.685,female
Sweden,SWE,2024,61.68,female
Sweden,SWE,2025,61.537,female
Sweden,SWE,1990,71.433,male
Sweden,SWE,1991,70.608,male
Sweden,SWE,1992,69.151,male
Sweden,SWE,1993,67.689,male
Sweden,SWE,1994,67.042,male
Sweden,SWE,1995,67.626,male
Sweden,SWE,1996,67.109,male
Sweden,SWE,1997,67.0,male
Sweden,SWE,1998,66.99,male
Sweden,SWE,1999,66.993,male
Sweden,SWE,2000,66.039,male
Sweden,SWE,2001,66.956,male
Sweden,SWE,2002,66.731,male
Sweden,SWE,2003,66.62,male
Sweden,SWE,2004,66.486,male
Sweden,SWE,2005,67.488,male
Sweden,SWE,2006,67.561,male
Sweden,SWE,2007,67.804,male
Sweden,SWE,2008,67.993,male
Sweden,SWE,2009,67.432,male
Sweden,SWE,2010,67.505,male
Sweden,SWE,2011,67.613,male
Sweden,SWE,2012,67.403,male
Sweden,SWE,2013,67.641,male
Sweden,SWE,2014,67.568,male
Sweden,SWE,2015,67.319,male
Sweden,SWE,2016,67.489,male
Sweden,SWE,2017,67.757,male
Sweden,SWE,2018,67.742,male
Sweden,SWE,2019,67.846,male
Sweden,SWE,2020,67.708,male
Sweden,SWE,2021,67.635,male
Sweden,SWE,2022,68.051,male
Sweden,SWE,2023,68.16,male
Sweden,SWE,2024,67.772,male
Sweden,SWE,2025,67.633,male
